{
  "project_info": {
    "project_number": "553546192420",
    "project_id": "autohausv2",
    "storage_bucket": "autohausv2.appspot.com"
  },
  "client": [
    {
      "client_info": {
        "mobilesdk_app_id": "1:553546192420:android:c6e80884516c5334f8aab1",
        "android_client_info": {
          "package_name": "com.example.autohausv2"
        }
      },
      "oauth_client": [
        {
          "client_id": "553546192420-m7c568sv4t65fehmrb0q6049qcbprnsk.apps.googleusercontent.com",
          "client_type": 3
        }
      ],
      "api_key": [
        {
          "current_key": "AIzaSyBIiKtSFisOXPdLXT_MW83Mk5n3jHDSCk8"
        }
      ],
      "services": {
        "appinvite_service": {
          "other_platform_oauth_client": [
            {
              "client_id": "553546192420-m7c568sv4t65fehmrb0q6049qcbprnsk.apps.googleusercontent.com",
              "client_type": 3
            }
          ]
        }
      }
    }
  ],
  "configuration_version": "1"
}